{"node_labels": [[0, 0, 2], [0, 0, 0], [0, 1, 2], [1, 0, 0], [0, 2, 2], [2, 0, 0], [0, 1, 0], [0, 2, 0], [1, 1, 0], [1, 2, 0], [2, 1, 0], [2, 2, 0], [2, 2, 5], [1, 2, 5], [0, 2, 5], [0, 1, 5], [0, 0, 5], [1, 1, 5], [1, 0, 5], [2, 1, 5], [2, 0, 5], [0, 2, 3], [0, 1, 3], [0, 0, 3], [1, 0, 3], [2, 0, 3], [1, 1, 3], [2, 1, 3], [1, 2, 3], [2, 2, 3], [2, 0, 2], [2, 1, 2], [2, 2, 2], [1, 0, 2], [1, 1, 2], [1, 2, 2], [0, 0, 1], [1, 0, 1], [2, 0, 1], [0, 1, 1], [0, 2, 1], [1, 1, 1], [1, 2, 1], [2, 1, 1], [2, 2, 1], [0, 2, 4], [0, 1, 4], [0, 0, 4], [1, 0, 4], [2, 0, 4], [1, 1, 4], [2, 1, 4], [1, 2, 4], [2, 2, 4]], "node_positions": [[-10.39230484541326, -6.000000000000005], [0.0, 12.0], [-10.33661882864499, -3.762221576582363], [-1.9101299543362336, 10.832885283134289], [-9.84807753012208, -1.736481776669312], [-3.420201433256687, 9.396926207859085], [1.9101299543362336, 10.832885283134289], [3.420201433256687, 9.396926207859085], [0.0, 10.0], [1.562833599002373, 8.863269777109872], [-1.562833599002373, 8.863269777109872], [0.0, 8.0], [4.330127018922194, 2.4999999999999996], [3.064177772475913, 2.5711504387461566], [1.928362829059619, 2.298133329356933], [1.5320888862379565, 1.2855752193730783], [0.8660254037844387, 0.49999999999999994], [2.598076211353316, 1.4999999999999998], [1.8793852415718166, 0.6840402866513378], [3.7587704831436333, 1.3680805733026755], [2.954423259036624, 0.520944533000792], [1.0260604299770062, -2.8190778623577253], [0.347296355333861, -1.969615506024416], [3.6739403974420594e-16, -1.0], [-0.34729635533385955, -1.9696155060244163], [-1.026060429977004, -2.8190778623577257], [1.102182119232618e-15, -3.0], [-0.6945927106677191, -3.9392310120488325], [0.694592710667722, -3.939231012048832], [1.8369701987210296e-15, -5.0], [-6.427876096865389, -7.6604444311897835], [-6.894399988070801, -5.7850884871788555], [-6.928203230275507, -4.0000000000000036], [-8.426488874308756, -7.070663706551934], [-8.660254037844384, -5.000000000000004], [-8.457233587073175, -3.0781812899310244], [10.392304845413264, -5.999999999999997], [10.336618828644992, -3.7622215765823532], [9.848077530122081, -1.7364817766693008], [8.426488874308761, -7.0706637065519296], [6.427876096865395, -7.660444431189779], [8.660254037844387, -4.999999999999998], [6.894399988070806, -5.785088487178851], [8.457233587073176, -3.0781812899310164], [6.92820323027551, -3.9999999999999982], [-2.9544232590366244, 0.5209445330007891], [-1.8793852415718173, 0.6840402866513359], [-0.8660254037844392, 0.4999999999999991], [-1.5320888862379576, 1.2855752193730767], [-1.9283628290596213, 2.2981333293569315], [-2.5980762113533173, 1.4999999999999973], [-3.064177772475915, 2.5711504387461535], [-3.7587704831436346, 1.3680805733026717], [-4.330127018922195, 2.4999999999999956]], "axis0_atomic_cycles": [[[29, 30], [30, 33], [33, 0], [0, 1], [1, 6], [6, 7], [7, 12], [12, 19], [19, 20], [20, 21], [21, 28], [28, 29]], [[8, 9], [9, 13], [13, 17], [17, 18], [18, 22], [22, 26], [26, 27], [27, 31], [31, 34], [34, 2], [2, 3], [3, 8]], [[32, 35], [35, 4], [4, 5], [5, 10], [10, 11], [11, 14], [14, 15], [15, 16], [16, 23], [23, 24], [24, 25], [25, 32]]], "axis1_atomic_cycles": [[[29, 27], [27, 25], [25, 45], [45, 52], [52, 53], [53, 5], [5, 3], [3, 1], [1, 36], [36, 39], [39, 40], [40, 29]], [[42, 28], [28, 26], [26, 24], [24, 46], [46, 50], [50, 51], [51, 10], [10, 8], [8, 6], [6, 37], [37, 41], [41, 42]], [[47, 48], [48, 49], [49, 11], [11, 9], [9, 7], [7, 38], [38, 43], [43, 44], [44, 21], [21, 22], [22, 23], [23, 47]]], "axis2_atomic_cycles": [[[37, 36], [36, 0], [0, 2], [2, 4], [4, 53], [53, 51], [51, 49], [49, 14], [14, 13], [13, 12], [12, 38], [38, 37]], [[43, 41], [41, 39], [39, 33], [33, 34], [34, 35], [35, 52], [52, 50], [50, 48], [48, 15], [15, 17], [17, 19], [19, 43]], [[42, 40], [40, 30], [30, 31], [31, 32], [32, 45], [45, 46], [46, 47], [47, 16], [16, 18], [18, 20], [20, 44], [44, 42]]], "axis0_move_cycles": [[[29, 0], [30, 1], [33, 6], [0, 7], [1, 12], [6, 19], [7, 20], [12, 21], [19, 28], [20, 29], [21, 30], [28, 33]], [[8, 17], [9, 18], [13, 22], [17, 26], [18, 27], [22, 31], [26, 34], [27, 2], [31, 3], [34, 8], [2, 9], [3, 13]], [[32, 5], [35, 10], [4, 11], [5, 14], [10, 15], [11, 16], [14, 23], [15, 24], [16, 25], [23, 32], [24, 35], [25, 4]]], "axis1_move_cycles": [[[29, 45], [27, 52], [25, 53], [45, 5], [52, 3], [53, 1], [5, 36], [3, 39], [1, 40], [36, 29], [39, 27], [40, 25]], [[42, 24], [28, 46], [26, 50], [24, 51], [46, 10], [50, 8], [51, 6], [10, 37], [8, 41], [6, 42], [37, 28], [41, 26]], [[47, 11], [48, 9], [49, 7], [11, 38], [9, 43], [7, 44], [38, 21], [43, 22], [44, 23], [21, 47], [22, 48], [23, 49]]], "axis2_move_cycles": [[[37, 2], [36, 4], [0, 53], [2, 51], [4, 49], [53, 14], [51, 13], [49, 12], [14, 38], [13, 37], [12, 36], [38, 0]], [[43, 33], [41, 34], [39, 35], [33, 52], [34, 50], [35, 48], [52, 15], [50, 17], [48, 19], [15, 43], [17, 41], [19, 39]], [[42, 31], [40, 32], [30, 45], [31, 46], [32, 47], [45, 16], [46, 18], [47, 20], [16, 44], [18, 42], [20, 40], [44, 30]]]}